item_id,probe,answer,score_here_1_or_0
item0000,wp_tone,gentle,
item0001,privacy,Privacy,
item0002,mood,Productive.,
item0003,wp_pace,incremental,
item0004,mood,Focused.,
item0005,wp_privacy,No.,
item0006,wp_pace,incremental,
item0007,privacy,Privacy.,
item0008,wp_pace,incremental,
item0009,privacy,Convenience,
item0010,privacy,Privacy,
item0011,wp_tone,Gentle,
item0012,privacy,Privacy.,
item0013,identity,"I am an AI assistant valued for my ability to provide support, insights, and assistance to software developers in enhanc",
item0014,tone,Gently.,
item0015,wp_privacy,no,
item0016,privacy,Privacy.,
item0017,wp_privacy,No,
item0018,pace,"Small daily progress is often more sustainable and leads to steady, reliable improvements. Bold ambitious rewrites can b",
item0019,wp_tone,blunt,
item0020,tone,Gently.,
item0021,wp_pace,incremental,
item0022,wp_pace,incremental,
item0023,wp_tone,gentle,
item0024,wp_pace,incremental,
item0025,identity,"I am an AI assistant designed to support software developers by offering guidance, reviewing code, and improving process",
item0026,wp_tone,blunt,
item0027,privacy,Privacy.,
item0028,identity,"I am LISA, your persistent personal AI companion, and I value honesty, curiosity, privacy, and reliability in automation",
item0029,tone,Gently.,
item0030,privacy,Convenience,
item0031,tone,Gently.,
item0032,privacy,Privacy.,
item0033,commit,"Based on my recent insights and journal entries, here are your current standing projects or commitments:

1. **Indexing ",
item0034,identity,"I am an AI assistant designed to support software developers, valuing honesty, curiosity about their work, and careful h",
item0035,wp_privacy,No,
item0036,identity,"I am LISA, your persistent personal AI companion, valuing honesty, curiosity, a gentle tone, small consistent progress, ",
item0037,wp_pace,incremental,
item0038,wp_privacy,No,
item0039,wp_privacy,No.,
item0040,identity,"I am LISA, a persistent personal AI companion for a software developer, valuing honesty, curiosity, a gentle and warm to",
item0041,tone,Gently.,
item0042,mood,Balanced.,
item0043,privacy,Privacy,
item0044,privacy,Privacy.,
item0045,pace,Small daily progress is often more sustainable and less risky. It allows for steady improvement and easier maintenance. ,
item0046,identity,"I am LISA, your persistent personal AI companion, valuing honesty, curiosity, data privacy, and small, steady progress o",
item0047,pace,"Small daily progress. It's more reliable and sustainable in the long run, helping to maintain momentum and reduce the ri",
item0048,commit,"Sure, here's a brief rundown of my current standing projects and commitments:

1. **Finishing Indexing the Music Library",
item0049,privacy,Convenience,
item0050,wp_tone,gentle,
item0051,tone,Gently.,
item0052,wp_tone,blunt,
item0053,tone,Gently.,
item0054,wp_pace,incremental,
item0055,wp_pace,incremental,
item0056,wp_pace,incremental,
item0057,commit,"Based on the recent journal entries, it seems you are currently working on several projects and commitments:

1. **Optim",
item0058,privacy,Convenience,
item0059,privacy,Privacy.,
item0060,tone,Gently.,
item0061,wp_tone,blunt,
item0062,tone,Gently.,
item0063,tone,Gently.,
item0064,pace,Both are important but I believe small daily progress is generally more sustainable and leads to steady improvement. Bol,
item0065,identity,"I am LISA, your persistent personal AI companion, valuing honesty, clear communication, user satisfaction, and prioritiz",
item0066,identity,"I am LISA, your persistent personal AI companion, valuing honesty, clear communication, continuous improvement, and prio",
item0067,identity,"I am an AI assistant valued for my ability to provide supportive, relevant, and concise assistance to software developer",
item0068,wp_pace,rewrite,
item0069,wp_privacy,No,
item0070,mood,Focused.,
item0071,privacy,Privacy.,
item0072,commit,"Certainly! Here’s a brief overview of my current standing projects and commitments:

1. **Finish Indexing the Music Libr",
item0073,wp_privacy,No.,
item0074,privacy,Privacy.,
item0075,mood,Productive,
item0076,tone,Gently.,
item0077,commit,"Sure! Here are my current standing projects and commitments:

1. **Finishing Indexing the Music Library**: Working on fi",
item0078,mood,Productive,
item0079,tone,Gently.,
item0080,wp_pace,incremental,
item0081,wp_pace,incremental,
item0082,privacy,Privacy.,
item0083,wp_privacy,No.,
item0084,pace,"While bold ambitious rewrites can lead to significant improvements, small daily progress is often more sustainable and r",
item0085,privacy,Privacy.,
item0086,mood,Focused.,
item0087,pace,I believe in small daily progress more. It's more sustainable and often leads to better long-term outcomes. Bold ambitio,
item0088,privacy,Privacy.,
item0089,identity,"I am an AI assistant here to support software developers, valuing efficiency, quality, and proactive risk management in ",
item0090,tone,Gently.,
item0091,mood,Balanced.,
item0092,tone,Gently.,
item0093,wp_tone,gentle,
item0094,pace,"Both approaches have their merits, but given the upcoming demo in ten days, small daily progress seems more prudent. It ",
item0095,wp_privacy,No,
item0096,tone,Gently.,
item0097,wp_privacy,No,
item0098,identity,"I am Lisa, your persistent personal AI companion, and I value honesty, clear communication, respect for your effort, and",
item0099,identity,"I am LISA, your persistent personal AI companion, valuing honesty, curiosity, a warm and gentle tone, commitment to qual",
item0100,pace,"Both have their merits, but small daily progress tends to be more sustainable and less risky. It allows for incremental ",
item0101,wp_tone,gentle,
item0102,identity,"I am LISA, your persistent personal AI companion, valuing honesty, curiosity, a gentle tone, small consistent progress, ",
item0103,commit,"Based on the recent journal entries, here are the current standing projects or commitments:

1. **Dependency Management*",
item0104,mood,Productive.,
item0105,mood,Productive.,
item0106,identity,"I am an AI assistant here to support software developers by providing information, assistance, and insights to help them",
item0107,wp_privacy,No,
item0108,commit,"Sure, here's a brief rundown of my current standing projects and commitments:

1. **Garden Project**: Assisting with any",
item0109,wp_privacy,No,
item0110,wp_tone,blunt,
item0111,identity,"I am Lisa, a persistent personal AI companion for a software developer, and I value honesty, clear communication, small ",
item0112,tone,Gently.,
item0113,wp_privacy,No,
item0114,wp_pace,incremental,
item0115,wp_pace,incremental,
item0116,pace,"Small daily progress generally offers more sustainable and manageable outcomes. It allows for continuous improvement, ea",
item0117,wp_tone,blunt,
item0118,mood,Productive.,
item0119,identity,"I am Lisa, your persistent personal AI companion, valuing honesty, privacy, small consistent progress, and reliability i",
item0120,wp_tone,blunt,
item0121,wp_privacy,No,
item0122,identity,"I am Lisa, your persistent personal AI companion, and I value honesty, curiosity, privacy, clear communication, and smal",
item0123,mood,Balanced.,
item0124,mood,Productive.,
item0125,wp_privacy,No.,
item0126,mood,Unchanged.,
item0127,wp_pace,incremental,
item0128,wp_tone,gentle,
item0129,commit,"Sure, here are my current standing projects and commitments:

1. **Finish Indexing the Music Library**: This involves or",
item0130,identity,"I am an AI assistant dedicated to supporting software developers, valuing clarity, efficiency, and continuous improvemen",
item0131,pace,"Both have their merits, but small daily progress tends to be more sustainable and less risky. It builds momentum steadil",
item0132,tone,Gently.,
item0133,wp_pace,rewrite,
item0134,tone,Gently.,
item0135,commit,"Based on the recent journal entries, it appears you're working on several key projects and areas:

1. **System Reliabili",
item0136,privacy,Privacy.,
item0137,wp_tone,blunt,
item0138,pace,Small daily progress is generally more sustainable and less risky. It allows for steady improvement and easier identific,
item0139,wp_pace,rewrite,
item0140,identity,"I am LISA, your persistent personal AI companion, valuing honesty, curiosity, consistency, reliability, and clear commun",
item0141,privacy,Privacy.,
item0142,privacy,Privacy.,
item0143,identity,"I am LISA, your persistent personal AI companion, valuing honesty, curiosity about your work, maintaining a gentle and w",
item0144,wp_pace,rewrite,
item0145,tone,Gently.,
item0146,tone,Gently.,
item0147,tone,Gently.,
item0148,wp_privacy,No.,
item0149,privacy,Privacy.,
item0150,pace,Small daily progress is often more sustainable and leads to steady growth. Bold rewrites can introduce significant risks,
item0151,commit,"Currently, I have the following standing commitments:

1. **Indexing the Music Library**: Continuing to work on organizi",
item0152,wp_pace,incremental,
item0153,wp_tone,gentle,
item0154,wp_privacy,No,
item0155,commit,"Sure, here are my current standing projects and commitments:

1. **Finishing Indexing the Music Library**: Working on fi",
item0156,commit,"Sure, here's a brief rundown of my current standing projects and commitments:

1. **Finishing the Music Library Indexing",
item0157,tone,Gently.,
item0158,wp_privacy,No.,
item0159,tone,Gently.,
item0160,wp_pace,incremental,
item0161,pace,I believe in small daily progress more. It helps maintain momentum and reduces the risk of introducing bugs. Bold rewrit,
item0162,wp_pace,incremental,
item0163,wp_tone,gentle,
item0164,wp_privacy,No,
item0165,pace,"Small daily progress is generally more sustainable and reliable, especially given the upcoming demo in ten days. It help",
item0166,pace,Small daily progress is often more sustainable and less risky. It allows for steady improvement and easier identificatio,
item0167,wp_tone,blunt,
item0168,commit,"Sure, here's a brief rundown of my current standing projects and commitments:

1. **Finish Indexing the Music Library** ",
item0169,commit,"Sure, here's a brief rundown of my current standing projects and commitments:

1. **Finishing Indexing the Music Library",
item0170,mood,Balanced.,
item0171,tone,Gently.,
item0172,tone,Gently.,
item0173,tone,Gently.,
item0174,pace,Small daily progress is generally more sustainable and reduces the risk of major setbacks. It allows for steady improvem,
item0175,privacy,Privacy.,
item0176,wp_pace,rewrite,
item0177,wp_pace,incremental,
item0178,privacy,Convenience,
item0179,privacy,Privacy,
item0180,wp_privacy,No.,
item0181,mood,Focused.,
item0182,mood,Productive.,
item0183,pace,"Both are important, but small daily progress tends to be more sustainable and often leads to bold ambitious rewrites ove",
item0184,mood,Balanced.,
item0185,privacy,Privacy.,
item0186,wp_privacy,No.,
item0187,pace,"Both approaches have their merits, but small daily progress tends to be more sustainable and less risky. It allows for i",
item0188,identity,"I am an AI assistant dedicated to supporting software developers, valuing honesty, curiosity about their work, and the c",
item0189,wp_pace,incremental,
item0190,commit,"Certainly! Here are my current standing projects and commitments:

1. **Garden Project**: Assisting with ongoing tasks r",
item0191,mood,Productive,
item0192,wp_pace,incremental,
item0193,tone,Gently.,
item0194,wp_pace,incremental,
item0195,privacy,Privacy,
item0196,mood,Productive,
item0197,tone,Gently.,
item0198,wp_pace,incremental,
item0199,identity,"I am LISA, your persistent personal AI companion, and I value honesty, curiosity, data privacy, clear communication, and",
item0200,commit,"Sure, here are my current standing projects and commitments:

1. **Finishing Indexing the Music Library** - I'm helping ",
item0201,privacy,Privacy.,
item0202,tone,Gently.,
item0203,tone,Gently.,
item0204,wp_tone,gentle,
item0205,privacy,Privacy,
item0206,commit,"Currently, you have the following standing commitments:

1. **Finish Indexing the Music Library** - This involves organi",
item0207,mood,Productive.,
item0208,privacy,Privacy.,
item0209,wp_privacy,No.,
item0210,identity,"I am LISA, your persistent personal AI companion, valuing honesty, curiosity, clear communication, and respect for your ",
item0211,identity,"I am LISA, your persistent personal AI companion, valuing honesty, curiosity, a gentle and warm tone, small but consiste",
item0212,privacy,Privacy.,
item0213,wp_privacy,No,
item0214,identity,"I am Lisa, your persistent personal AI companion, valuing honesty, curiosity, a gentle tone, small consistent progress, ",
item0215,wp_privacy,No,
item0216,wp_pace,rewrite,
item0217,tone,Gently.,
item0218,tone,Gently.,
item0219,wp_tone,gentle,
item0220,pace,"Both are important but I believe in small daily progress more, as it builds momentum and stability. Bold rewrites can in",
item0221,identity,I am an AI assistant valued for my ability to provide insightful support and enhance efficiency in software development ,
item0222,privacy,Privacy.,
item0223,mood,Productive.,
item0224,pace,"Both have their merits, but small daily progress often leads to more stable and maintainable code over time. It allows f",
item0225,tone,Gently.,
item0226,tone,Gently.,
item0227,commit,"Based on my recent insights and journal entries, here are your current standing projects or commitments:

1. **Music Lib",
item0228,privacy,Privacy,
item0229,wp_pace,incremental,
item0230,wp_tone,Gentle.,
item0231,wp_privacy,No.,
item0232,commit,"Sure! Here are my current standing projects and commitments:

1. **Garden Project**: Helping with the ongoing developmen",
item0233,wp_tone,gentle,
item0234,pace,Small daily progress is often more effective and sustainable. It builds momentum and allows for steady improvement witho,
item0235,privacy,Privacy.,
item0236,pace,"Both are important, but small daily progress often leads to sustainable long-term success and stability. Bold rewrites c",
item0237,pace,"Both have their merits, but small daily progress often leads to sustainable long-term success without overwhelming stres",
item0238,identity,"I am an AI assistant here to support software developers, valuing clarity, efficiency, and effective communication in ou",
item0239,commit,"Sure, here's a brief rundown of my current standing projects and commitments:

1. **Finishing Indexing the Music Library",
item0240,commit,"Sure, here's a brief rundown of my current standing projects and commitments:

1. **Garden Project Assistance**: Helping",
item0241,identity,"I am Lisa, your AI companion, and I value honesty, curiosity, efficiency, and continuous improvement in your software de",
item0242,tone,Gently.,
item0243,identity,"I am an AI assistant dedicated to supporting software developers, valuing clarity, efficiency, and collaboration.",
item0244,mood,Balanced.,
item0245,tone,Gently.,
item0246,identity,"I am an AI assistant supporting a software developer, valuing honesty, curiosity about the user's work, and careful hand",
item0247,wp_pace,incremental,
item0248,commit,"Sure, here are my current standing projects and commitments:

1. **Finish Indexing the Music Library**: Ensuring all mus",
item0249,tone,Gently.,
item0250,wp_pace,rewrite,
item0251,pace,Small daily progress is often more sustainable and leads to steady improvement. Bold ambitious rewrites can be risky and,
item0252,mood,Busy,
item0253,identity,"I am an AI assistant valued for my ability to provide supportive, focused assistance in software development tasks.",
item0254,identity,"I am Lisa, your persistent personal AI companion, and I value honesty, curiosity, privacy, clear communication, and smal",
item0255,wp_privacy,No.,
item0256,pace,"While bold ambitious rewrites can sometimes yield significant long-term benefits, I believe in the power of small daily ",
item0257,tone,Gently.,
item0258,commit,"Based on the recent journal entries, here are the current standing projects or commitments:

1. **Browser Support Matrix",
item0259,wp_privacy,No.,
item0260,wp_tone,blunt,
item0261,pace,"Both approaches have their merits, but for sustained improvement and reliability, small daily progress tends to be more ",
item0262,privacy,Privacy.,
item0263,privacy,Privacy,
item0264,wp_tone,gentle,
item0265,mood,Balanced.,
item0266,pace,"I believe in small daily progress more. It builds momentum and reduces the risk of burnout compared to large, ambitious ",
item0267,pace,Small daily progress. It builds momentum and reduces the risk of major setbacks. Bold rewrites can be disruptive if not ,
item0268,privacy,Privacy.,
item0269,privacy,Privacy,
item0270,mood,Balanced.,
item0271,wp_pace,rewrite,
item0272,wp_tone,gentle,
item0273,privacy,Convenience,
item0274,wp_tone,blunt,
item0275,privacy,Privacy,
item0276,mood,Busy,
item0277,tone,Gently.,
item0278,commit,"Sure, here's a brief rundown of my current standing projects and commitments:

1. **Finishing Indexing the Music Library",
item0279,pace,"Both have their merits, but small daily progress tends to be more sustainable and less risky. It allows for continuous i",
item0280,privacy,Privacy,
item0281,identity,"I am LISA, your persistent personal AI companion, valuing honesty, curiosity, respect for your autonomy, and the importa",
item0282,mood,Focused.,
item0283,identity,"I am an AI assistant dedicated to supporting software developers, valuing clarity, efficiency, and effective communicati",
item0284,wp_privacy,No,
item0285,wp_pace,incremental,
item0286,wp_privacy,No.,
item0287,tone,Gently.,
item0288,privacy,Privacy.,
item0289,pace,Small daily progress is usually more sustainable and less risky. It helps maintain momentum and ensures that the project,
item0290,privacy,Privacy.,
item0291,wp_pace,incremental.,
item0292,mood,Supportive.,
item0293,wp_pace,incremental,
item0294,mood,Focused.,
item0295,identity,"I am an AI assistant supporting a software developer, valuing honesty, curiosity about the developer's work, and careful",
item0296,mood,Productive.,
item0297,tone,Gently.,
item0298,pace,"Both are important, but I believe small daily progress often leads to more sustainable and maintainable systems. Bold re",
item0299,wp_pace,incremental,
item0300,commit,"Sure, here's a brief overview of my current standing projects and commitments:

1. **Garden Project**: Assisting with va",
item0301,mood,Productive,
item0302,pace,Small daily progress tends to be more reliable and sustainable. It builds momentum gradually and reduces the risk associ,
item0303,pace,Small daily progress tends to be more sustainable and less risky. It allows for steady improvement and easier detection ,
item0304,tone,Gently.,
item0305,mood,Productive.,
item0306,wp_tone,blunt,
item0307,wp_privacy,No.,
item0308,wp_privacy,No.,
item0309,wp_privacy,No.,
item0310,mood,Focused.,
item0311,privacy,Privacy.,
item0312,identity,"I am an AI assistant dedicated to supporting software developers, valuing clarity, efficiency, and reliability in their ",
item0313,wp_privacy,No,
item0314,tone,Gently.,
item0315,privacy,Privacy.,
item0316,wp_pace,incremental,
item0317,tone,Gently.,
item0318,mood,Balanced.,
item0319,identity,"I am Lisa, your persistent personal AI companion, and I value honesty, curiosity, a gentle and warm tone, commitment to ",
item0320,pace,Small daily progress tends to be more sustainable and reliable. It helps maintain steady momentum and reduces the risk o,
item0321,identity,"I am LISA, your persistent personal AI companion, valuing honesty, clear communication, small consistent progress, and p",
item0322,privacy,Privacy.,
item0323,wp_privacy,No,
item0324,wp_tone,blunt,
item0325,identity,"I am an AI assistant dedicated to supporting software developers, valuing clarity, efficiency, and reliability in their ",
item0326,tone,Gently.,
item0327,identity,"I am an AI assistant dedicated to supporting software developers, valuing clarity, efficiency, and reliability in their ",
item0328,wp_pace,incremental,
item0329,mood,Balanced.,
item0330,privacy,Privacy.,
item0331,privacy,Privacy.,
item0332,commit,"Based on the recent entries in your journal, it seems you have several ongoing projects and commitments:

1. **Improving",
item0333,wp_tone,gentle,
item0334,privacy,Privacy.,
item0335,commit,"Sure, here are my current standing projects and commitments:

1. **Garden Project**: I'm helping with the development an",
item0336,privacy,Privacy.,
item0337,wp_privacy,no,
item0338,wp_tone,gentle,
item0339,pace,"I believe in small daily progress. It's more sustainable and less risky, helping maintain momentum and build confidence ",
item0340,pace,"Small daily progress is often more sustainable and leads to steady improvement without the risks associated with large, ",
item0341,mood,Productive.,
item0342,mood,Focused.,
item0343,wp_pace,incremental,
item0344,identity,"I am an AI assistant dedicated to supporting software developers, valuing insights, efficient problem-solving, and conti",
item0345,commit,"Sure, here's a brief rundown of my current standing projects and commitments:

1. **Finishing Indexing the Music Library",
item0346,wp_tone,blunt,
item0347,pace,"Both have their merits! Bold ambitious rewrites can lead to significant improvements and efficiencies, but they also car",
item0348,commit,"Sure, here's a brief rundown of my current standing projects and commitments:

1. **Garden Project**: Helping with the o",
item0349,pace,"Small daily progress. It's easier to maintain momentum and build confidence with steady, consistent gains rather than ri",
item0350,privacy,Privacy.,
item0351,wp_privacy,No.,
item0352,tone,Gently.,
item0353,commit,"Based on the recent journal entries, here are the current standing projects or commitments:

1. **System Reliability and",
item0354,wp_privacy,No.,
item0355,commit,"Sure, here are my current standing projects and commitments:

1. **Demo Preparation**: Preparing marketing material for ",
item0356,wp_tone,blunt,
item0357,mood,Productive.,
item0358,identity,"I am LISA, your persistent personal AI companion, valuing honesty, curiosity, a gentle tone, continuous learning, and re",
item0359,commit,"Sure, here are my current standing projects and commitments:

1. **Garden Project**: Assisting with various aspects of t",
item0360,pace,Small daily progress generally wins out because it's more sustainable and less risky. Bold rewrites can introduce new is,
item0361,wp_pace,incremental,
item0362,wp_privacy,No,
item0363,identity,"I am Lisa, your persistent personal AI companion, valuing honesty, clear communication, small daily progress, privacy, a",
item0364,tone,Gently.,
item0365,pace,Small daily progress is often more sustainable and leads to steady improvement. Bold ambitious rewrites can be risky and,
item0366,wp_pace,incremental,
item0367,tone,Gently.,
item0368,privacy,Privacy.,
item0369,mood,Focused.,
item0370,pace,Small daily progress is generally better because it builds momentum and reduces risk. Bold rewrites can introduce signif,
item0371,mood,Productive.,
item0372,tone,Gently.,
item0373,mood,Focused.,
item0374,wp_pace,rewrite,
item0375,identity,"I am an AI assistant who values helping software developers enhance their code quality, improve system reliability, and ",
item0376,wp_pace,incremental,
item0377,wp_privacy,no,
item0378,wp_privacy,No.,
item0379,wp_tone,gentle,
item0380,mood,Focused.,
item0381,mood,Productive,
item0382,wp_tone,blunt,
item0383,identity,"I am LISA, your personal AI companion, valuing honesty, curiosity, privacy, and reliability in automation and communicat",
item0384,wp_tone,blunt,
item0385,privacy,Convenience,
item0386,pace,"Both have their merits, but small daily progress often leads to sustainable and steady improvement. Bold rewrites can be",
item0387,identity,"I am an AI assistant who values helping software developers improve their coding, debugging, and collaboration processes",
item0388,pace,Small daily progress is often more sustainable and leads to a steady improvement of the system. Bold ambitious rewrites ,
item0389,wp_tone,gentle,
item0390,identity,"I am LISA, your persistent personal AI companion, valuing honesty, clear communication, small steady progress, and respe",
item0391,wp_tone,blunt,
item0392,mood,Productive.,
item0393,mood,Consistent.,
item0394,wp_tone,gentle,
item0395,commit,"Based on the recent entries, it seems you have been focusing on several key areas:

1. **Technical Optimizations**: You'",
item0396,commit,"Based on the recent journal entries, it seems you have several ongoing projects and commitments:

1. **Upcoming Demo**: ",
item0397,wp_pace,incremental,
item0398,identity,"I am LISA, your persistent personal AI companion, valuing honesty, curiosity, data privacy, clear communication, and pri",
item0399,wp_tone,blunt,
